case	density	dimensions	bytes	sha256	encodedAndPixelEqual
png-0-true	mdpi	48x48	1483	7cfbb11b137c3184c7ea0981741335544eeaf404637f393bc91dd9a9d3129d3b	true
png-0-true	hdpi	72x72	1936	2d513d6b02ae7cd33e7f30e793b22daa43d516d0ba3e3a9696188dd3adeaed7b	true
png-0-true	xhdpi	96x96	2914	70ab484608c12682aabefdfb6ed731fb46299b585bc19d515a0f3df441ac4463	true
png-0-true	xxhdpi	144x144	4749	c7ed1e0af093efdcb5144ac68f36c2da50677b06b3b38b633c0a9905a31531a9	true
png-0-true	xxxhdpi	192x192	7025	ec8e71f77e63454bbadffca37a2cedce7bdfeeca6f23aed2e326e94b5ced2f58	true
png-0-false	mdpi	48x48	2118	8b41d844b5453fba81597db7d0243550bec2263c261e75cdd4e03560f5869e7a	true
png-0-false	hdpi	72x72	3169	caf09972597ce5098a20fe2f310317260147c865df6a1f0c1405e89063e8809d	true
png-0-false	xhdpi	96x96	4599	7ba473e1efe92f5dfc6f305d774f9ec836b1e9dd274ee4d4439d2b3e2eb5e3d5	true
png-0-false	xxhdpi	144x144	7992	ee23ab02aeecd2dac89bc743398abaa1411400673c7da6cc6a656fbb8ba16c8e	true
png-0-false	xxxhdpi	192x192	12375	efe46087d866a16c8014c49de40d7759c66101f2f91461c26a1615788709873a	true
png-1-true	mdpi	48x48	1722	219337885235240edf76ed5f6e3c8b1e83e089c37dbd9181c4de4be4afc031cf	true
png-1-true	hdpi	72x72	2579	882c35c7e6082a796cac508eed6c121f6b4308a6b0e07c6598ff502696ce67b0	true
png-1-true	xhdpi	96x96	4057	7b80644471284e4fd7c2ce31017cbc342a5ce08082ef7bd227bb08e51f42c16e	true
png-1-true	xxhdpi	144x144	6902	682a3d1d046be87d4078dcca7ce212dd882b7d30ec6121f535c27465bd5d7b4e	true
png-1-true	xxxhdpi	192x192	10342	fdbcc867998afb24c2d2fc720add90c83f93863f1e9609b6bc27c6ab49682b26	true
png-1-false	mdpi	48x48	2117	c11101db6ef8e150b3058f76dd7b178e041292ebf4bbb3ea20fbf7ca65e48d25	true
png-1-false	hdpi	72x72	3451	9935ee9b926a3699cc610b58b35fc12dbafaff4bb682f3b25107b12f9249f48c	true
png-1-false	xhdpi	96x96	4725	ed4903836b564fd0a7412718d19a85ac722e9ad4f92160612e05d562778dbc1b	true
png-1-false	xxhdpi	144x144	8028	e9ee4be158e318f3920ceef2766ca109ef789c3f771d3d15a0fba77e940cd643	true
png-1-false	xxxhdpi	192x192	12234	43cba8d015f898b5bff8b32743862cc520f2eb718222e62f84f023eaf8390dfa	true
png-2-true	mdpi	48x48	1664	590fe05a046be2681a0d9fa05dc5cb30d4aee3e41bc78f6fbdde3cf7aef22a5e	true
png-2-true	hdpi	72x72	2443	b349cc327c4113653d7feaa99df471a44305a437e24b79dc8f0885011ecde196	true
png-2-true	xhdpi	96x96	3975	bc2dbbf9b36c20e3b68fe71529ec4f855875b380341853c3dc23bad37e4c21cf	true
png-2-true	xxhdpi	144x144	6503	30d5a26ca0d24386fb37cdf05c9fadfd9d0b3eac78a867191a0f781746057b81	true
png-2-true	xxxhdpi	192x192	9615	f56a4b0e79d67359ad49415deb6ac85bb37652d80544f1a52c7d989535803ba5	true
png-2-false	mdpi	48x48	2094	39033e35fedd73a793e1e9b48ffc5490c72751ef70d20bf92056d1f073ecc310	true
png-2-false	hdpi	72x72	3331	9ee0d42ff5edbc757b46b7c75e34872432e549116e9db5bc757ce42a7521d4b8	true
png-2-false	xhdpi	96x96	4652	88400c1cde903b50517d8c3042e8e8f6f1a666784035a3076b51714ee137b33b	true
png-2-false	xxhdpi	144x144	8167	946a755cc02a62d7bc43ec1a2a2fbd09ed5cd1888d1b56248dde5cf41a6057ea	true
png-2-false	xxxhdpi	192x192	12685	07f929d1e5f0d764be9978a8c212ae2b7029137f0645f905353e069ea6284099	true
png-3-true	mdpi	48x48	2038	cba5bee91a3340d6e29e6b99a4a541e55e215c60754e9e5284c2e3210f0dfbd4	true
png-3-true	hdpi	72x72	3123	dd3aaddb72a622fc1447cb4a771277565101a0c588b79f04fc50218b2c852bf2	true
png-3-true	xhdpi	96x96	5263	ebc2d0a654d56d5fb08411316f76f2e83fb21666e6a6c8cb1cdbec2012eb7689	true
png-3-true	xxhdpi	144x144	8883	aba3cdeb85d76b6863dc187c3d4bb0b7418f8b011d056449180da2f032a71940	true
png-3-true	xxxhdpi	192x192	14745	75251f90905c734203e898178216947cfed225a15cd4dfe926eefedc096b0c1f	true
png-3-false	mdpi	48x48	2147	611d1f7b9107d0733375b678384884a12942012e6a696447c88d0ebd330bdf87	true
png-3-false	hdpi	72x72	3271	43fdf5a4084356f937e0529abe6cb4b267b00b0ca72f2405e42c61da3d925e4b	true
png-3-false	xhdpi	96x96	4774	21215f35355568a17e83378fd8217071c8262f8af84db96d7f9bfcde1fc3a457	true
png-3-false	xxhdpi	144x144	8346	58dfdc0ff0e385c761ab074418dca05c1709f4a089b1d28a4339fa35ca2c1171	true
png-3-false	xxxhdpi	192x192	12656	038399ced567ec2ebe54662d6242975a9c1b37a83e25b6d1299c23254ed783f7	true
jpeg-0-true	mdpi	48x48	914	d2c0ad937aabfc34e962649c3ee0ebc008073045605089a0be8e975ad823d452	true
jpeg-0-true	hdpi	72x72	1587	917edcf06dded9ab9bcb4969260cde29b7a4f9699e148752ee7903ad0d93171a	true
jpeg-0-true	xhdpi	96x96	2216	bfac9512e707d5dd52b632d1c248ddb4bc3e9912ff37773ea12db556601e09fa	true
jpeg-0-true	xxhdpi	144x144	3994	0156bdda48f05a3a65d5228c96758a61679ac9c740f27ae1c697a7073e71b4c4	true
jpeg-0-true	xxxhdpi	192x192	6412	fc994c1564b682b1f51000aba9713ec7d680d0f984ea5c3f61663494a65c7490	true
jpeg-0-false	mdpi	48x48	550	e38e189e34032884b31e3d40b515ccd8257d233cdd69a36471b6a692cda91b42	true
jpeg-0-false	hdpi	72x72	694	9860d9151517014daad77e4f9c6dd523f40cc6bb0f4a3656987d6d3a51ee5176	true
jpeg-0-false	xhdpi	96x96	754	cc8b9d45116aac3fa371a587ae12c98561b176d6b01d25baa9a23c914159f16e	true
jpeg-0-false	xxhdpi	144x144	951	96ce0a7a26f9b436b389dd083f3bcd87b8c415356efd430ce1041c8139661f90	true
jpeg-0-false	xxxhdpi	192x192	1120	ed27db42384e6a24b398cf4ca350a53cfbf5a6c766a0962b869a9754d0c7bbea	true
jpeg-1-true	mdpi	48x48	937	499cccad907bb09c94a7583e795108e527f990bab6fc7c6bce97325a9e0c1176	true
jpeg-1-true	hdpi	72x72	1546	00eb69fd5d951908cf63894ba4e82f1564482099636481391e2701ff1427e2d2	true
jpeg-1-true	xhdpi	96x96	2200	c2b01db48850553f5f0d8e44b506e3e5e6bb415f9e856b1f05fb0164a03515db	true
jpeg-1-true	xxhdpi	144x144	4097	acd5048a4317319c9b21db55672a9ecc36120986d4cc7a4b5eb94520795e1f16	true
jpeg-1-true	xxxhdpi	192x192	6468	a9bcadf0ab1de8cc55176676a839b75396ec81b1e08cc0ff821531d75354cd20	true
jpeg-1-false	mdpi	48x48	549	5fabceb643d73d224c3800f6762030f5ca8eed6c7b8cf37019174b348b137f50	true
jpeg-1-false	hdpi	72x72	693	ad7fadac8b030a854d193b05681313e5a7ad4baa5475f2c946d403619b511ba8	true
jpeg-1-false	xhdpi	96x96	754	4ff43f2b117b396e261f55e16b559ade11d8484b31bb23b27ef0c3d709b56bfc	true
jpeg-1-false	xxhdpi	144x144	952	3e050dad14ebe5168fbd3548ad52f0b0425808a759581d217f64d749981da99f	true
jpeg-1-false	xxxhdpi	192x192	1121	98f37265a8dd4b15471cdd3c956d891baa52bba2fdb9f7ab592c8305ddab0d47	true
jpeg-2-true	mdpi	48x48	899	fdc224e8409bb3cd061ae0c7d8ae7e64d62a89a5e359e53ece3851fcee5839b2	true
jpeg-2-true	hdpi	72x72	1577	106ad6b3c98ee06c4d48aec77bd9ae86296a553be10f3901419941a7468af5be	true
jpeg-2-true	xhdpi	96x96	2191	5c41a9fb8ea4bc3b79b7582cb04303ca36e27da025f09245c84745589ee95e2e	true
jpeg-2-true	xxhdpi	144x144	4047	9a0253e162a15107d051824ca0b58801dd7efdc4f8cb4f9c67d7f8fc1ceb103d	true
jpeg-2-true	xxxhdpi	192x192	6463	8e14c2e606cfe731a963c3135b07bfbcadb2cf7d6de8acf9ee3ced6783d5cf62	true
jpeg-2-false	mdpi	48x48	549	ecde94f936c46ea8a9ea573877e6da0ec7e8f47ba09d2bd70e4a6c6196a5b0eb	true
jpeg-2-false	hdpi	72x72	694	01c3b9f1d0e79ede75e944ea5bc2cdf877f4c26d053f131be2ccbeb18b8474d1	true
jpeg-2-false	xhdpi	96x96	756	050c29f7ae78fb9cdcf2211599716b69b18a676f1748d4c7b7add606987b5c02	true
jpeg-2-false	xxhdpi	144x144	948	70fddbf0b6f641a7e06fdce860f7e1f1871bb347f22ab2830a1ebd9b4e10906d	true
jpeg-2-false	xxxhdpi	192x192	1122	c0779cdea2ca01f1b56a9926408cc27a312e276df7397cbea2d3460d9b4b739c	true
jpeg-3-true	mdpi	48x48	915	cdea868eb4dc167d5d96bee487cef888741dfd4ba54cf55632d138a3d883cb9a	true
jpeg-3-true	hdpi	72x72	1564	3bee4811b0a057beed9e917b23d41912b8d9e8e100390fad2949371b35c02e39	true
jpeg-3-true	xhdpi	96x96	2175	28c74d44b9462565c9e2f9fcb1dabfcef5bb45acc4da8e2edfc5067bea2586e9	true
jpeg-3-true	xxhdpi	144x144	3999	75ae4ed29b3b74cc0edc4600affe729d394917edbe433dacbb2a03eaa91b8e9e	true
jpeg-3-true	xxxhdpi	192x192	6507	d375d9494822536ccbf1bfc9f78ae25d13f4a341a5a0f9d302cdfa7df2f92193	true
jpeg-3-false	mdpi	48x48	549	0091d69479e580a931ad7be11024245841005ad82e3b2fa7a55fcf3497a6c30e	true
jpeg-3-false	hdpi	72x72	694	213c0154e15d1506db6366272a1bc845fd32e5e1470d88737442befcf58149dc	true
jpeg-3-false	xhdpi	96x96	756	c9b954d2d9992cceedb226949c1bc620b812f308cd00bb3ab5da04c075a42bfc	true
jpeg-3-false	xxhdpi	144x144	948	243235ff30e823f4700ace861f85d1d513a8a30b82ff5b929f928dcdb2296cd9	true
jpeg-3-false	xxxhdpi	192x192	1120	70f9a85864707bf895c201dcf08ec9794e9c2fe93604c0041ffdaab0a4aa4766	true
jpeg-4-true	mdpi	48x48	906	280b4a719b3f7082552cc42b16e3e3ac5440b303efdbeb0bb1b7469ae4c919a7	true
jpeg-4-true	hdpi	72x72	1571	ee6d8e0b2c614a5783791a150ef3982031ffca422cd259ebdf7957cf66c7321c	true
jpeg-4-true	xhdpi	96x96	2206	42a1ff4dc2c1dd3515cbed73ca81536501f5072476af423d631b0be85a07a729	true
jpeg-4-true	xxhdpi	144x144	4210	23c6c7063aaa30f06f79e5badb89cb477187863e1b560163773ca8fd3256bf81	true
jpeg-4-true	xxxhdpi	192x192	6383	7ce835cdbca19564efa0ede175fec1c11a0cb106934a620fadd76f817f393d0b	true
jpeg-4-false	mdpi	48x48	549	08a49b3ad2c3a6389cec103fcb3b0f514890fb759411a065b7bf4a7ae55e21cb	true
jpeg-4-false	hdpi	72x72	696	a85d97d32ee26a278d45be75c6ef90d50f64487b4ba1fcdeb5a650030b59478a	true
jpeg-4-false	xhdpi	96x96	754	a80782480d5f9c39b28d66f14e0aa447c90b03020ce58b7ed4217f6b20a8f07d	true
jpeg-4-false	xxhdpi	144x144	946	7f3151e2068165fbf4bc7354979845e85f607236c22678cc7227bcb47b6e95b2	true
jpeg-4-false	xxxhdpi	192x192	1116	689443f5df723e3df7deeabd5371868ff20f7bd560c437a93a42654882a756f8	true
jpeg-5-true	mdpi	48x48	930	ee6603a8f401b7b35cab0dc7568567e919736a86a25b6c0033fed9cfaaa02d00	true
jpeg-5-true	hdpi	72x72	1583	d3c818a48893e2bc56aa3b656134932146b4bcd8287b545f1b016c2b9b15c56b	true
jpeg-5-true	xhdpi	96x96	2188	85b396b973a84577593cd816d3fe1e7c040e3666cce615e886ef008e256e26e9	true
jpeg-5-true	xxhdpi	144x144	4191	7a34449698a82f51de7787c05f48d20d7596a40103eafa0bee2407385294504a	true
jpeg-5-true	xxxhdpi	192x192	6501	3ebde387891eb13c922ea19e2a118eb34833569d85986b69fb156f33253f728d	true
jpeg-5-false	mdpi	48x48	550	92463c066c0de16597e3fbefc01fdb40a38b29266a50b03b1d7f3d5a11806495	true
jpeg-5-false	hdpi	72x72	694	c9adb394df097129dc1bc459a8284f8792e277777c474084d5c03af09fe5def2	true
jpeg-5-false	xhdpi	96x96	755	02abaefad7a6570b08849735292feb65713349704e0d47e43d32aa5b4c85331f	true
jpeg-5-false	xxhdpi	144x144	946	ea2a0708bd3e2a363713b27c059384d3fc5b1909d47133d92f125f85268f1ec2	true
jpeg-5-false	xxxhdpi	192x192	1122	7ba32b95ca1518dd338226376c847ab1d9ee7c4afacd6994dbc811a636864240	true
default-png	mdpi	48x48	1762	9b3633a4242d66b8e55c9f799ceeb1969c4dcf333da9593fec644a8526222470	true
default-png	hdpi	72x72	2848	fc4193a475ae7a2536dfba4f301cdde8810b6d3d39ca5be29a76d93f96714415	true
default-png	xhdpi	96x96	4634	fce6e92b55df97dba6ad6a5f21e915fcc7599af11e895d581460b4259e178735	true
default-png	xxhdpi	144x144	8152	c94584a1848a999766b6de9c194c0d6b527a4cbf67030453c59a2139a8668fdf	true
default-png	xxxhdpi	192x192	13700	27f994f2521c76c4c86710132ebf1f87b04b417b6961a7d5b449bc54e1cf074b	true
default-jpg	mdpi	48x48	930	ee6603a8f401b7b35cab0dc7568567e919736a86a25b6c0033fed9cfaaa02d00	true
default-jpg	hdpi	72x72	1583	d3c818a48893e2bc56aa3b656134932146b4bcd8287b545f1b016c2b9b15c56b	true
default-jpg	xhdpi	96x96	2188	85b396b973a84577593cd816d3fe1e7c040e3666cce615e886ef008e256e26e9	true
default-jpg	xxhdpi	144x144	4191	7a34449698a82f51de7787c05f48d20d7596a40103eafa0bee2407385294504a	true
default-jpg	xxxhdpi	192x192	6501	3ebde387891eb13c922ea19e2a118eb34833569d85986b69fb156f33253f728d	true
lossy-jpg	mdpi	48x48	528	2d6895c97f41a709d49644db4a8d9b6d23b51e183f94323cbc8e297ffa7bc59d	true
lossy-jpg	hdpi	72x72	733	fc610f89e48bf55dc6769ff2e59304074b0d4ec8a1fafee605039745a24ff27d	true
lossy-jpg	xhdpi	96x96	929	2f52b476ab333b04061bb9c8be9b34c972cd84868afabdf28b62bcaa2a08c3b7	true
lossy-jpg	xxhdpi	144x144	1367	9fbe2841dc8b1a915d8afd89d4a612ead3980475e148c167232698fded419ff6	true
lossy-jpg	xxxhdpi	192x192	1918	c570d8752b0ae33882b5e2ef90bc5cfad818e14189aba47c7b4b18f3ab7e98d3	true
