package,name,composable,skippable,restartable,readonly,inline,isLambda,hasDefaults,defaultsGroup,groups,calls,
org.tool.kit.feature.ui.dragAndDropTarget,dragAndDropTarget,1,0,0,0,0,0,0,0,1,4,
org.tool.kit.feature.ui.rememberFilePickerRequest,rememberFilePickerRequest,1,0,0,0,0,0,0,0,1,5,
org.tool.kit.feature.ui.rememberDirectoryPickerRequest,rememberDirectoryPickerRequest,1,0,0,0,0,0,0,0,1,2,
org.tool.kit.App,App,1,1,1,0,0,0,0,0,1,2,
org.tool.kit.AppRoute,AppRoute,1,1,1,0,0,0,0,0,5,18,
org.tool.kit.WindowIcon,WindowIcon,1,0,0,0,0,0,0,0,1,1,
org.tool.kit.MainContentScreen,MainContentScreen,1,1,1,0,0,0,0,0,1,18,
org.tool.kit.rememberRichTooltipPositionProvider,rememberRichTooltipPositionProvider,1,0,0,0,0,0,0,0,1,1,
org.tool.kit.feature.rememberAppState,rememberAppState,1,0,0,0,0,0,0,0,1,2,
org.tool.kit.feature.apk.ApkInformationRoute,ApkInformationRoute,1,1,1,0,0,0,0,0,1,5,
org.tool.kit.feature.apk.ApkInformationScreen,ApkInformationScreen,1,1,1,0,0,0,0,0,3,3,
org.tool.kit.feature.apk.ApkInformationLottie,ApkInformationLottie,1,1,1,0,0,0,0,0,1,1,
org.tool.kit.feature.apk.ApkDraggingBox,ApkDraggingBox,1,1,1,0,0,0,0,0,1,2,
org.tool.kit.feature.apk.ApkInformationBox,ApkInformationBox,1,1,1,0,0,0,0,0,1,2,
org.tool.kit.feature.apk.AppInfoItem,AppInfoItem,1,1,1,0,0,0,0,0,1,2,
org.tool.kit.feature.apk.PermissionsList,PermissionsList,1,1,1,0,0,0,0,0,3,0,
org.tool.kit.feature.apk.ApkToolRoute,ApkToolRoute,1,1,1,0,0,0,0,0,1,7,
org.tool.kit.feature.apk.ApkToolScreen,ApkToolScreen,1,1,1,0,0,0,0,0,1,3,
org.tool.kit.feature.apk.SdkVersionInput,SdkVersionInput,1,1,1,0,0,0,0,0,1,1,
org.tool.kit.feature.apk.VersionInput,VersionInput,1,1,1,0,0,0,0,0,1,1,
org.tool.kit.feature.apk.Sign,Sign,1,1,1,0,0,0,0,0,1,1,
org.tool.kit.feature.apk.Signature,Signature,1,1,1,0,0,0,0,0,1,1,
org.tool.kit.feature.apk.SignatureAlisa,SignatureAlisa,1,1,1,0,0,0,0,0,1,2,
org.tool.kit.feature.apk.Generate,Generate,1,1,1,0,0,0,0,0,1,1,
org.tool.kit.feature.app.AppEffectHost,AppEffectHost,1,1,1,0,0,0,0,0,1,1,
org.tool.kit.feature.cleaner.CleanerRoute,CleanerRoute,1,1,1,0,0,0,0,0,1,7,
org.tool.kit.feature.cleaner.CleanerScreen,CleanerScreen,1,1,1,0,0,0,0,0,1,1,
org.tool.kit.feature.cleaner.ClearBuildPreview,ClearBuildPreview,1,1,1,0,0,0,0,0,1,1,
org.tool.kit.feature.cleaner.ClearBuildList,ClearBuildList,1,1,1,0,0,0,0,0,1,2,
org.tool.kit.feature.cleaner.ClearBuildBottom,ClearBuildBottom,1,1,1,0,0,0,0,0,3,6,
org.tool.kit.feature.cleaner.SequenceDropdownMenu,SequenceDropdownMenu,1,1,1,0,0,0,0,0,1,2,
org.tool.kit.feature.cleaner.DeleteAlertDialog,DeleteAlertDialog,1,1,1,0,0,0,0,0,1,3,
org.tool.kit.feature.iconfactory.IconFactoryRoute,IconFactoryRoute,1,1,1,0,0,0,0,0,1,7,
org.tool.kit.feature.iconfactory.IconFactoryScreen,IconFactoryScreen,1,1,1,0,0,0,0,0,1,2,
org.tool.kit.feature.iconfactory.IconFactoryPreview,IconFactoryPreview,1,1,1,0,0,0,0,0,1,1,
org.tool.kit.feature.iconfactory.IconFactoryResult,IconFactoryResult,1,1,1,0,0,0,0,0,1,1,
org.tool.kit.feature.iconfactory.IconFactoryResultPlaceholder,IconFactoryResultPlaceholder,1,1,1,0,0,0,0,0,1,2,
org.tool.kit.feature.iconfactory.IconFactorySheet,IconFactorySheet,1,1,1,0,0,0,0,0,1,3,
org.tool.kit.feature.iconfactory.IconFactorySetting,IconFactorySetting,1,1,1,0,0,0,0,0,1,2,
org.tool.kit.feature.iconfactory.Compression,Compression,1,1,1,0,0,0,0,0,1,10,
org.tool.kit.feature.iconfactory.IconsFactoryInput,IconsFactoryInput,1,1,1,0,0,0,0,0,1,1,
org.tool.kit.feature.iconfactory.CompressRangeSliders,CompressRangeSliders,1,1,1,0,0,0,0,0,1,2,
org.tool.kit.feature.iconfactory.Algorithm,Algorithm,1,1,1,0,0,0,0,0,1,2,
org.tool.kit.feature.junk.JunkCodeRoute,JunkCodeRoute,1,1,1,0,0,0,0,0,1,4,
org.tool.kit.feature.junk.JunkCodeScreen,JunkCodeScreen,1,1,1,0,0,0,0,0,1,2,
org.tool.kit.feature.junk.SingleUi,SingleUi,1,1,1,0,0,0,0,0,1,1,
org.tool.kit.feature.junk.MultiUi,MultiUi,1,1,1,0,0,0,0,0,1,1,
org.tool.kit.feature.junk.JunkMode,JunkMode,1,1,1,0,0,0,0,0,1,1,
org.tool.kit.feature.junk.PackageName,PackageName,1,1,1,0,0,0,0,0,1,1,
org.tool.kit.feature.junk.MultiIntTextField,MultiIntTextField,1,1,1,0,0,0,0,0,1,1,
org.tool.kit.feature.junk.Generate,Generate,1,1,1,0,0,0,0,0,1,1,
org.tool.kit.feature.keystore.KeyStoreGenerationRoute,KeyStoreGenerationRoute,1,1,1,0,0,0,0,0,1,4,
org.tool.kit.feature.keystore.KeyStoreGenerationScreen,KeyStoreGenerationScreen,1,1,1,0,0,0,0,0,1,1,
org.tool.kit.feature.keystore.GenerationBox,GenerationBox,1,1,1,0,0,0,0,0,1,2,
org.tool.kit.feature.keystore.KeyStorePassword,KeyStorePassword,1,1,1,0,0,0,0,0,1,2,
org.tool.kit.feature.keystore.KeyStoreAlisaPassword,KeyStoreAlisaPassword,1,1,1,0,0,0,0,0,1,2,
org.tool.kit.feature.keystore.CreateSignature,CreateSignature,1,1,1,0,0,0,0,0,1,1,
org.tool.kit.feature.keystore.ConfirmPasswordTextField,ConfirmPasswordTextField,1,1,1,0,0,0,0,0,1,1,
org.tool.kit.feature.settings.SettingsRoute,SettingsRoute,1,1,1,0,0,0,0,0,1,6,
org.tool.kit.feature.settings.AboutLibrariesWindow,AboutLibrariesWindow,1,1,1,0,0,0,0,0,1,3,
org.tool.kit.feature.settings.SettingsScreen,SettingsScreen,1,1,1,0,0,0,0,0,1,1,
org.tool.kit.feature.settings.ApkSignatureSetUp,ApkSignatureSetUp,1,1,1,0,0,0,0,0,1,2,
org.tool.kit.feature.settings.KeyStore,KeyStore,1,1,1,0,0,0,0,0,1,2,
org.tool.kit.feature.settings.Conventional,Conventional,1,1,1,0,0,0,0,0,1,2,
org.tool.kit.feature.settings.DeveloperMode,DeveloperMode,1,1,1,0,0,0,0,0,1,2,
org.tool.kit.feature.settings.About,About,1,1,1,0,0,0,0,0,3,3,
org.tool.kit.feature.settings.VersionInfo,VersionInfo,1,1,1,0,0,0,0,0,1,2,
org.tool.kit.feature.settings.TextAbout,TextAbout,1,1,1,0,0,0,0,0,1,1,
org.tool.kit.feature.settings.ClickAbout,ClickAbout,1,1,1,0,0,0,0,0,1,2,
org.tool.kit.feature.settings.ExtensionsSwitch,ExtensionsSwitch,1,1,1,0,0,0,0,0,1,1,
org.tool.kit.feature.signature.ApkSigningRoute,ApkSigningRoute,1,1,1,0,0,0,0,0,1,7,
org.tool.kit.feature.signature.ApkSigningScreen,ApkSigningScreen,1,1,1,0,0,0,0,0,1,2,
org.tool.kit.feature.signature.SignatureBox,SignatureBox,1,1,1,0,0,0,0,0,1,2,
org.tool.kit.feature.signature.SignatureCard,SignatureCard,1,1,1,0,0,0,0,0,1,2,
org.tool.kit.feature.signature.SignatureApkPath,SignatureApkPath,1,1,1,0,0,0,0,0,1,2,
org.tool.kit.feature.signature.SignaturePolicy,SignaturePolicy,1,1,1,0,0,0,0,0,1,1,
org.tool.kit.feature.signature.SignatureAlisa,SignatureAlisa,1,1,1,0,0,0,0,0,1,2,
org.tool.kit.feature.signature.Signature,Signature,1,1,1,0,0,0,0,0,1,1,
org.tool.kit.feature.signature.SignatureInformationRoute,SignatureInformationRoute,1,1,1,0,0,0,0,0,1,6,
org.tool.kit.feature.signature.SignatureInformationScreen,SignatureInformationScreen,1,1,1,0,0,0,0,0,3,4,
org.tool.kit.feature.signature.SignatureLottie,SignatureLottie,1,1,1,0,0,0,0,0,1,1,
org.tool.kit.feature.signature.SignatureBox,SignatureBox,1,1,1,0,0,0,0,0,1,2,
org.tool.kit.feature.signature.SignatureList,SignatureList,1,1,1,0,0,0,0,0,1,2,
org.tool.kit.feature.signature.SignatureDialog,SignatureDialog,1,1,1,0,0,0,0,0,3,4,
org.tool.kit.feature.signature.SignatureListTop,SignatureListTop,1,1,1,0,0,0,0,0,1,3,
org.tool.kit.feature.signature.SignatureListCenter,SignatureListCenter,1,1,1,0,0,0,0,0,1,3,
org.tool.kit.feature.signature.SignatureListBottom,SignatureListBottom,1,1,1,0,0,0,0,0,1,3,
org.tool.kit.feature.ui.FileButton,FileButton,1,1,1,0,0,0,0,0,1,3,
org.tool.kit.feature.ui.FileInput,FileInput,1,1,1,0,0,0,0,0,1,1,
org.tool.kit.feature.ui.FileInput,FileInput,1,1,1,0,0,0,0,0,1,1,
org.tool.kit.feature.ui.FolderInput,FolderInput,1,1,1,0,0,0,0,0,1,1,
org.tool.kit.feature.ui.StringInput,StringInput,1,1,1,0,0,0,0,0,1,1,
org.tool.kit.feature.ui.IntInput,IntInput,1,1,1,0,0,0,0,0,1,2,
org.tool.kit.feature.ui.PasswordInput,PasswordInput,1,1,1,0,0,0,0,0,1,2,
org.tool.kit.feature.ui.UploadAnimate,UploadAnimate,1,1,1,0,0,0,0,0,1,1,
org.tool.kit.feature.ui.LoadingAnimate,LoadingAnimate,1,1,1,0,0,0,0,0,1,2,
org.tool.kit.feature.ui.CurrentTextField,CurrentTextField,1,1,1,0,0,0,0,0,1,2,
org.tool.kit.feature.ui.UpdateDialog,UpdateDialog,1,1,1,0,0,0,0,0,5,0,
org.tool.kit.feature.ui.DownloadStartUI,DownloadStartUI,1,1,1,0,0,0,0,0,1,1,
org.tool.kit.feature.ui.DownloadUI,DownloadUI,1,1,1,0,0,0,0,0,1,1,
org.tool.kit.feature.update.UpdateRoute,UpdateRoute,1,1,1,0,0,0,0,0,1,3,
org.tool.kit.navigation.rememberNavigationState,rememberNavigationState,1,0,0,0,0,0,0,0,2,1,
org.tool.kit.navigation.toEntries,toEntries,1,0,0,0,0,0,0,0,2,0,
org.tool.kit.navigation.rememberNavBackStack,rememberNavBackStack,1,0,0,0,0,0,0,0,1,1,
org.tool.kit.theme.AppTheme,AppTheme,1,1,1,0,0,0,1,0,2,2,
org.tool.kit.utils.LottieAnimation,LottieAnimation,1,1,1,0,0,0,0,0,1,3,
org.tool.kit.utils.InfiniteAnimation,InfiniteAnimation,1,1,1,0,0,0,0,0,1,3,
